classifier,train_score,test_score,training_time,testing_time,true_negative,false_positive,false_negative,true_positive,precision,f1-score,recall,TPR,FPR
Decision_Tree,1.0,0.8642533936651584,0.054144491999998934,0.005086175000002413,89.0,24.0,6.0,102.0,0.8731829573934837,0.8637820512820513,0.8660275319567354,0.9444444444444444,0.21238938053097345
Random_Forest,0.9980506822612085,0.8733031674208145,0.11012247799999386,0.01572959100000304,96.0,17.0,11.0,97.0,0.8740367273323495,0.8733005733005732,0.873852835136021,0.8981481481481481,0.1504424778761062
ExtraTree,1.0,0.8642533936651584,0.08159382099999846,0.018488576000002865,97.0,16.0,14.0,94.0,0.8642096642096642,0.864228374836173,0.8643887250081941,0.8703703703703703,0.1415929203539823
Vote_hard,1.0,0.8778280542986425,0.027715964999998732,0.033848409000000856,97.0,16.0,11.0,97.0,0.8782776138970829,0.8778280542986425,0.8782776138970829,0.8981481481481481,0.1415929203539823
Vote_soft,1.0,0.8642533936651584,0.02981111500000111,0.03560286900000165,93.0,20.0,10.0,98.0,0.8667105479677473,0.8641838741396263,0.8652081284824648,0.9074074074074074,0.17699115044247787
