classifier,train_score,test_score,training_time,testing_time,true_negative,false_positive,false_negative,true_positive,precision,f1-score,recall,TPR,FPR
Decision_Tree,1.0,0.8552036199095022,0.10202864000001455,0.004236718999976574,91.0,22.0,10.0,98.0,0.8588283828382839,0.8550582062633219,0.856358570960341,0.9074074074074074,0.19469026548672566
Random_Forest,0.9980506822612085,0.8733031674208145,0.2900156949999939,0.020824691000001394,95.0,18.0,10.0,98.0,0.8747947454844007,0.8732798165137614,0.8740576860045887,0.9074074074074074,0.1592920353982301
ExtraTree,1.0,0.8959276018099548,0.14557045799998036,0.021871909000026335,101.0,12.0,11.0,97.0,0.8958469855832241,0.8958934971838197,0.8959767289413307,0.8981481481481481,0.10619469026548672
Vote_hard,1.0,0.8778280542986425,0.11563601700001414,0.04111118800000213,96.0,17.0,10.0,98.0,0.8789171452009844,0.8778180477916334,0.8784824647656506,0.9074074074074074,0.1504424778761062
Vote_soft,1.0,0.8914027149321267,0.03087548199999901,0.02863337400000887,95.0,18.0,6.0,102.0,0.8952970297029703,0.8912936546974913,0.8925762045231072,0.9444444444444444,0.1592920353982301
