classifier,train_score,test_score,training_time,testing_time,true_negative,false_positive,false_negative,true_positive,precision,f1-score,recall,TPR,FPR
Decision_Tree,0.9922027290448343,0.8416289592760181,0.0032981370000015886,0.0020358189999996057,95.0,18.0,17.0,91.0,0.8415383355176933,0.8415770609318995,0.8416502785971812,0.8425925925925926,0.1592920353982301
Random_Forest,0.9883040935672515,0.8552036199095022,0.05887276299999655,0.010795219000002021,96.0,17.0,15.0,93.0,0.8551597051597052,0.8551769331585846,0.8553343166175025,0.8611111111111112,0.1504424778761062
ExtraTree,0.9922027290448343,0.8823529411764706,0.046265324000003716,0.009638328999997725,101.0,12.0,14.0,94.0,0.8825266611977031,0.8822347925889491,0.8820878400524418,0.8703703703703703,0.10619469026548672
Vote_hard,0.9922027290448343,0.8733031674208145,0.04560306200000497,0.014593947999998136,101.0,12.0,16.0,92.0,0.8739316239316239,0.8730926989335521,0.8728285807931826,0.8518518518518519,0.10619469026548672
Vote_soft,0.9922027290448343,0.8461538461538461,0.012752050999999653,0.014692965000001834,96.0,17.0,17.0,91.0,0.8460750573582432,0.8460750573582432,0.8460750573582432,0.8425925925925926,0.1504424778761062
