classifier,train_score,test_score,training_time,testing_time,true_negative,false_positive,false_negative,true_positive,precision,f1-score,recall,TPR,FPR
Decision_Tree,0.9922027290448343,0.8597285067873304,0.005648937000003684,0.0032178219999963176,97.0,16.0,15.0,93.0,0.8596412188728703,0.8596825396825396,0.8597590953785644,0.8611111111111112,0.1415929203539823
Random_Forest,0.9883040935672515,0.8552036199095022,0.09710405799999933,0.021123103000000754,97.0,16.0,16.0,92.0,0.8551294657489348,0.8551294657489348,0.8551294657489348,0.8518518518518519,0.1415929203539823
ExtraTree,0.9922027290448343,0.8823529411764706,0.08998657300000446,0.02012086299999538,101.0,12.0,14.0,94.0,0.8825266611977031,0.8822347925889491,0.8820878400524418,0.8703703703703703,0.10619469026548672
Vote_hard,0.9922027290448343,0.8733031674208145,0.025045949999999095,0.0246753549999994,100.0,13.0,15.0,93.0,0.873461853978671,0.8731759304804068,0.8730334316617503,0.8611111111111112,0.11504424778761062
Vote_soft,0.9922027290448343,0.8506787330316742,0.024795798999996066,0.01989365700000434,100.0,13.0,20.0,88.0,0.8523102310231023,0.8502371809351705,0.8498852835136022,0.8148148148148148,0.11504424778761062
