classifier,train_score,test_score,training_time,testing_time,true_negative,false_positive,false_negative,true_positive,precision,f1-score,recall,TPR,FPR
Decision_Tree,0.9902534113060428,0.8461538461538461,0.0034357999999983235,0.0014314599999991628,97.0,16.0,18.0,90.0,0.8462674323215751,0.8459993441547795,0.8458702064896755,0.8333333333333334,0.1415929203539823
Random_Forest,0.9844054580896686,0.8461538461538461,0.06202818999999948,0.01134219299999728,97.0,16.0,18.0,90.0,0.8462674323215751,0.8459993441547795,0.8458702064896755,0.8333333333333334,0.1415929203539823
ExtraTree,0.9902534113060428,0.8552036199095022,0.04957263800000078,0.011263110000001575,96.0,17.0,15.0,93.0,0.8551597051597052,0.8551769331585846,0.8553343166175025,0.8611111111111112,0.1504424778761062
Vote_hard,0.9902534113060428,0.8506787330316742,0.01413180400000158,0.015335976999999446,97.0,16.0,17.0,91.0,0.8506722413510411,0.8505685892838848,0.8504998361193051,0.8425925925925926,0.1415929203539823
Vote_soft,0.9902534113060428,0.8461538461538461,0.012179977999998925,0.011821822999998233,99.0,14.0,20.0,88.0,0.8473389355742298,0.8457717569786536,0.8454605047525401,0.8148148148148148,0.12389380530973451
